"first_name","last_name","gender","id","email","salary","department","birthday","job"
"David","Miller","male","1","bentleykaren@example.org","58488.49","Marketing","1986-07-27","SEO Specialist"
"Phyllis","Oliver","female","2","kathleen27@example.net","91256.35","Support","1973-11-06","Customer Support"
"Rhonda","Gallagher","female","3","ppayne@example.net","65182.7","Finance","1995-05-31","Finance Manager"
"Jason","Callahan","male","4","johnstonbecky@example.org","57691.26","HR","1989-01-27","HR Manager"
"Margaret","Welch","female","5","weberjeffrey@example.net","109388.54","Support","1992-06-12","Customer Support"
"William","Baker","male","6","alicegarcia@example.net","58904.78","Marketing","1966-06-06","Marketing Manager"
"Larry","Valencia","male","7","jessica30@example.com","49495.15","Support","1970-04-26","Technical Support"
"Jared","Hickman","male","8","moorecarol@example.org","80314.94","Finance","1979-06-29","Finance Manager"
"Elizabeth","Obrien","female","9","zlewis@example.com","35676.37","HR","1989-02-06","HR Assistant"
"Allison","Wilkerson","female","10","floresjasmine@example.org","52306.0","Support","1998-12-02","Technical Support"
"Joyce","Hernandez","female","11","tylerholloway@example.net","68882.68","Marketing","1979-05-08","Marketing Manager"
"Manuel","Webb","male","12","ewhite@example.com","96626.88","Sales","2000-03-11","Sales Manager"
"Harold","Little","male","13","tapiaheather@example.net","87511.54","Support","1989-11-07","Customer Support"
"Janet","White","female","14","goldenkatherine@example.com","49430.05","Support","1970-12-24","Support Manager"
"Richard","Macdonald","male","15","christopher74@example.org","115630.89","HR","1994-01-02","HR Assistant"
"Michael","Melton","male","16","james38@example.net","100254.6","Marketing","1999-07-17","Marketing Manager"
"Joseph","White","male","17","nferguson@example.com","107465.31","Engineering","1994-07-26","Data Scientist"
"Pamela","Reed","female","18","rileydylan@example.com","119235.99","Support","2001-05-01","Support Manager"
"Ashley","Campbell","female","19","amanda60@example.org","59094.52","Marketing","1974-08-11","Content Writer"
"Jeremiah","Baker","male","20","joannvillarreal@example.org","91318.33","HR","1990-07-12","HR Assistant"
"Jason","Parker","male","21","jfernandez@example.com","46139.46","Engineering","1962-01-26","DevOps Engineer"
"Anthony","Riley","male","22","ericjohnson@example.org","93798.13","Sales","1976-04-11","Account Manager"
"Terry","Bailey","female","23","jordanthompson@example.com","62190.85","Finance","1981-09-08","Financial Analyst"
"Jordan","Novak","female","24","csantana@example.net","80430.18","Sales","1996-07-28","Sales Executive"
"Anna","Villegas","female","25","walkerkim@example.com","49484.27","Finance","1997-01-26","Finance Manager"
"Kristin","Freeman","female","26","russellangela@example.org","57881.75","HR","1966-07-13","HR Assistant"
"Mark","Anthony","male","27","saraklein@example.com","44662.07","Marketing","1992-03-28","Content Writer"
"Justin","Lee","male","28","rdunn@example.com","45338.37","Engineering","2001-02-08","Data Scientist"
"Nathaniel","Bryant","male","29","briangonzales@example.net","45708.22","Sales","1961-11-21","Sales Manager"
"Hayden","Clark","male","30","david86@example.com","48305.2","Support","1974-05-14","Customer Support"
"Linda","Smith","female","31","kayla90@example.org","35634.4","Finance","1987-04-27","Financial Analyst"
"Antonio","Wilson","male","32","deanlove@example.net","72092.72","Finance","1974-07-15","Accountant"
"Misty","Smith","female","33","parsonslonnie@example.net","109039.55","Sales","1998-06-11","Sales Executive"
"Keith","Torres","male","34","johnconway@example.com","41460.17","Sales","1998-11-25","Sales Manager"
"Ronald","Hernandez","male","35","kennethparker@example.net","114145.51","Sales","1960-03-20","Sales Executive"
"Jason","Harper","male","36","wrobbins@example.org","60900.98","Engineering","1986-10-16","DevOps Engineer"
"Gary","Wilson","male","37","asmith@example.net","92974.22","Support","1997-08-23","Customer Support"
"Jason","Rodriguez","male","38","jessicasmith@example.com","105515.06","HR","1986-03-20","HR Assistant"
"Lauren","Macdonald","female","39","briansmith@example.net","55316.14","Sales","1977-05-18","Sales Executive"
"Brandon","Romero","male","40","sextonjames@example.com","37682.32","HR","1995-08-29","Recruiter"
"Brandon","Vaughn","male","41","wwells@example.org","101937.96","Sales","1960-02-25","Sales Manager"
"Kathleen","Duncan","female","42","alexandersmith@example.com","45566.58","Finance","1999-08-26","Financial Analyst"
"Kathryn","Harrison","female","43","bgarcia@example.net","64172.34","Engineering","1994-06-16","DevOps Engineer"
"Joe","Brown","male","44","vvang@example.com","107491.4","HR","1982-09-06","HR Assistant"
"John","Wright","male","45","cking@example.com","44827.35","HR","1987-06-22","HR Manager"
"Steven","Cameron","male","46","qferguson@example.net","40502.27","HR","1958-09-03","Recruiter"
"Karen","Lewis","female","47","ythomas@example.org","108467.68","Support","1995-12-22","Technical Support"
"Isaac","Foster","male","48","stephenluna@example.net","107953.39","HR","1962-04-28","HR Manager"
"Joseph","Jennings","male","49","isaiah51@example.com","106466.13","Marketing","1964-01-08","Marketing Manager"
"David","Watson","male","50","allisonlowe@example.net","55759.34","Support","1977-08-13","Technical Support"
"Anthony","Smith","male","51","cdelgado@example.net","118919.14","Sales","1972-08-03","Sales Manager"
"Thomas","Henson","male","52","wyoung@example.com","67387.42","Engineering","1989-03-28","Data Scientist"
"Barbara","Lee","female","53","rick39@example.com","77918.02","Sales","2002-03-15","Account Manager"
"Thomas","Hicks","male","54","martinezraymond@example.net","110571.68","Marketing","1981-03-03","Marketing Manager"
"Brandon","Chen","male","55","taylor74@example.org","101996.64","Finance","1995-11-15","Financial Analyst"
"Rachel","Hall","female","56","jensenjon@example.net","38255.4","HR","1995-03-20","Recruiter"
"Johnny","Sullivan","male","57","nicole30@example.org","62125.97","Engineering","2001-03-24","DevOps Engineer"
"Shannon","Collins","female","58","jesse01@example.net","71358.65","Sales","2000-07-24","Account Manager"
"Jessica","Bell","female","59","navarrokelly@example.net","83929.07","Marketing","1960-02-16","Content Writer"
"John","Meyers","male","60","cheryl60@example.org","76173.86","Engineering","1985-04-18","Software Engineer"
"Michelle","Woodard","female","61","craig58@example.net","67618.36","HR","1976-03-18","HR Manager"
"Tyler","Hernandez","male","62","munozjoseph@example.net","37738.75","Engineering","1990-06-13","Software Engineer"
"Julie","Watkins","female","63","kbenson@example.net","46397.82","Marketing","1959-08-31","Marketing Manager"
"Tonya","Miranda","female","64","michaelthomas@example.net","37469.91","Finance","1974-12-30","Financial Analyst"
"Charles","Smith","male","65","benjamin59@example.org","118818.95","Engineering","1971-09-13","DevOps Engineer"
"Mary","Meza","female","66","marvin43@example.com","41727.41","Support","1986-06-28","Technical Support"
"Jason","Curtis","male","67","psmith@example.org","66077.4","HR","1967-05-19","HR Manager"
"Jeffrey","Evans","male","68","alexanderlloyd@example.com","96669.35","Support","1991-09-14","Customer Support"
"William","Guerra","male","69","lewisangela@example.com","88675.43","Marketing","1982-02-22","Content Writer"
"Latoya","Green","female","70","donald96@example.com","72827.37","Engineering","1990-11-04","Data Scientist"
"Mark","Smith","male","71","riverachristopher@example.net","53552.5","HR","1999-03-01","Recruiter"
"Lisa","Moore","female","72","davidrodriguez@example.net","78021.02","Sales","1983-01-07","Sales Manager"
"Renee","Lucas","female","73","jareddaniels@example.com","55794.36","HR","1968-03-09","HR Manager"
"Valerie","Jensen","female","74","tcross@example.org","58132.78","Support","1984-07-08","Support Manager"
"Vanessa","Ruiz","female","75","ljenkins@example.net","106438.41","Marketing","1972-05-07","Marketing Manager"
"Dylan","Brooks","male","76","smithjames@example.org","68473.95","Sales","1989-06-22","Sales Manager"
"Shawn","Cross","male","77","fmcknight@example.com","33414.31","Sales","1965-11-04","Sales Manager"
"Caleb","Green","male","78","nfletcher@example.org","104505.93","Marketing","1971-02-08","Content Writer"
"Paige","Smith","female","79","stevenwilson@example.com","46665.29","Sales","1991-05-18","Sales Executive"
"Elizabeth","Taylor","female","80","susanmathews@example.org","74124.07","HR","1979-10-09","HR Manager"
"Jacob","Mathis","male","81","hodgesjennifer@example.net","74718.78","Sales","1962-12-30","Sales Executive"
"Lisa","Macdonald","female","82","adammoss@example.org","52094.76","Sales","1974-07-25","Sales Manager"
"Stephen","Gibbs","male","83","joshua30@example.com","115021.5","Sales","2001-08-04","Sales Executive"
"Gregory","Roberts","male","84","brandybuck@example.net","33349.64","Sales","1972-07-31","Account Manager"
"Steven","Rangel","male","85","kmoreno@example.net","34289.17","HR","1991-07-23","HR Manager"
"John","Miller","male","86","cannoneric@example.org","106317.57","HR","1987-09-02","HR Manager"
"Angela","Yang","female","87","dennis22@example.org","58221.3","Engineering","1997-03-01","Data Scientist"
"Jose","Daniel","male","88","omckinney@example.net","64489.78","Engineering","1984-10-26","Data Scientist"
